Show Name,Show ID
"I Love Bookkeeping",8a2635b4-4f75-4c47-ad99-d1377e3f427d
"Thinking Out Loud with Dean Jackson",a6c03836-816a-4514-b972-49558fd4e930
"Thinking Out Loud",d537768c-5516-4873-bb60-07ae7604f0fe
"The Gordian Knot",f9d75e37-b2e3-453c-8c91-17da95604b00
"Strong and Feminine",8bbdbc33-cd8b-4c19-8e8d-0acd4f84ca3b
"Serious Testing 🎙 - How To Podcast In 2021 With The New Apple Podcasts Options - FlackPatuken And More!",50582cf8-c836-4acf-80c5-da732746f334
"Strength Changes Everything",4d8959e6-faf2-4a09-a36f-92543508095b
"Random Conversations With Paul Colligan",88030b52-068c-47d4-9e8b-ce7ffb1982e6
"Prison To Millions",6c76473a-688d-4ae4-83f8-a34fe23617aa
"Adventurous Living - The Meadow Springs Community Church Podcast",046bf5a0-d2fb-44fc-96f7-9eb7dd2982d1
"Roast At Home Show",0b800dd2-5be8-439e-88c3-a4baa8cfb474
"Practical Podcasting",44b65556-406f-4a16-8bce-4dd25f0a1de8
